id,chat_id,chat_name,sender_id,sender_name,timestamp,type,text,is_system
demo_0001,demo_personal,虚构私聊示例,demo_me,我,2026-10-01T09:00:00+08:00,text,太好了，这个方案我很喜欢，谢谢你！,
demo_0002,demo_personal,虚构私聊示例,demo_me,我,2026-10-01T09:11:00+08:00,text,我今天有点沮丧，这个问题一直没解决。,
demo_0003,demo_personal,虚构私聊示例,demo_me,我,2026-10-01T09:22:00+08:00,text,资料已经更新，会议安排在周五下午。,
demo_0004,demo_personal,虚构私聊示例,demo_me,我,2026-10-01T09:33:00+08:00,text,虽然进度有些慢，不过终于有了突破，很开心。,
demo_0005,demo_personal,虚构私聊示例,demo_me,我,2026-10-01T09:44:00+08:00,text,你可真行🙂,
demo_0006,demo_personal,虚构私聊示例,demo_me,我,2026-10-01T09:55:00+08:00,text,好呀！,
demo_0007,demo_personal,虚构私聊示例,demo_me,我,2026-10-01T10:06:00+08:00,text,收到,
demo_0008,demo_personal,虚构私聊示例,demo_me,我,2026-10-01T10:17:00+08:00,text,😄 谢谢,
demo_0009,demo_personal,虚构私聊示例,demo_me,我,2026-10-01T10:28:00+08:00,text,太好了，这个方案我很喜欢，谢谢你！,
demo_0010,demo_personal,虚构私聊示例,demo_me,我,2026-10-01T10:39:00+08:00,text,我今天有点沮丧，这个问题一直没解决。,
demo_0011,demo_personal,虚构私聊示例,demo_me,我,2026-10-01T10:50:00+08:00,text,资料已经更新，会议安排在周五下午。,
demo_0012,demo_personal,虚构私聊示例,demo_me,我,2026-10-01T11:01:00+08:00,text,虽然进度有些慢，不过终于有了突破，很开心。,
demo_0013,demo_personal,虚构私聊示例,demo_me,我,2026-10-01T11:12:00+08:00,text,你可真行🙂,
demo_0014,demo_personal,虚构私聊示例,demo_me,我,2026-10-01T11:23:00+08:00,text,好呀！,
demo_0015,demo_personal,虚构私聊示例,demo_me,我,2026-10-01T11:34:00+08:00,text,收到,
demo_0016,demo_personal,虚构私聊示例,demo_me,我,2026-10-01T11:45:00+08:00,text,😄 谢谢,
demo_0017,demo_personal,虚构私聊示例,demo_me,我,2026-10-01T11:56:00+08:00,text,太好了，这个方案我很喜欢，谢谢你！,
demo_0018,demo_personal,虚构私聊示例,demo_me,我,2026-10-01T12:07:00+08:00,text,我今天有点沮丧，这个问题一直没解决。,
demo_0019,demo_personal,虚构私聊示例,demo_me,我,2026-10-01T12:18:00+08:00,text,资料已经更新，会议安排在周五下午。,
demo_0020,demo_personal,虚构私聊示例,demo_me,我,2026-10-01T12:29:00+08:00,text,虽然进度有些慢，不过终于有了突破，很开心。,
demo_0021,demo_personal,虚构私聊示例,demo_me,我,2026-10-01T12:40:00+08:00,file,,
demo_0022,demo_personal,虚构私聊示例,demo_me,我,2026-10-01T12:51:00+08:00,file,,
demo_0023,demo_personal,虚构私聊示例,demo_me,我,2026-10-01T13:02:00+08:00,file,,
demo_0024,demo_personal,虚构私聊示例,demo_me,我,2026-10-01T13:13:00+08:00,voice,,
demo_0025,demo_personal,虚构私聊示例,demo_me,我,2026-10-01T13:24:00+08:00,voice,,
demo_0026,demo_personal,虚构私聊示例,demo_me,我,2026-10-01T13:35:00+08:00,sticker,,
demo_0027,demo_personal,虚构私聊示例,demo_me,我,2026-10-01T13:46:00+08:00,sticker,,
demo_0028,demo_personal,虚构私聊示例,demo_me,我,2026-10-01T13:57:00+08:00,image,,
demo_0029,demo_personal,虚构私聊示例,demo_me,我,2026-10-01T14:08:00+08:00,video,,
demo_0030,demo_personal,虚构私聊示例,demo_me,我,2026-10-01T14:19:00+08:00,link,,
demo_0031,demo_project@chatroom,虚构项目讨论群,demo_lin,林小满,2026-10-02T09:00:00+08:00,sticker,,
demo_0032,demo_project@chatroom,虚构项目讨论群,demo_lin,林小满,2026-10-02T09:11:00+08:00,sticker,,
demo_0033,demo_project@chatroom,虚构项目讨论群,demo_lin,林小满,2026-10-02T09:22:00+08:00,sticker,,
demo_0034,demo_project@chatroom,虚构项目讨论群,demo_lin,林小满,2026-10-02T09:33:00+08:00,sticker,,
demo_0035,demo_project@chatroom,虚构项目讨论群,demo_lin,林小满,2026-10-02T09:44:00+08:00,sticker,,
demo_0036,demo_project@chatroom,虚构项目讨论群,demo_lin,林小满,2026-10-02T09:55:00+08:00,sticker,,
demo_0037,demo_project@chatroom,虚构项目讨论群,demo_lin,林小满,2026-10-02T10:06:00+08:00,sticker,,
demo_0038,demo_project@chatroom,虚构项目讨论群,demo_lin,林小满,2026-10-02T10:17:00+08:00,sticker,,
demo_0039,demo_project@chatroom,虚构项目讨论群,demo_lin,林小满,2026-10-02T10:28:00+08:00,sticker,,
demo_0040,demo_project@chatroom,虚构项目讨论群,demo_lin,林小满,2026-10-02T10:39:00+08:00,sticker,,
demo_0041,demo_project@chatroom,虚构项目讨论群,demo_lin,林小满,2026-10-02T10:50:00+08:00,sticker,,
demo_0042,demo_project@chatroom,虚构项目讨论群,demo_lin,林小满,2026-10-02T11:01:00+08:00,sticker,,
demo_0043,demo_project@chatroom,虚构项目讨论群,demo_lin,林小满,2026-10-02T11:12:00+08:00,sticker,,
demo_0044,demo_project@chatroom,虚构项目讨论群,demo_lin,林小满,2026-10-02T11:23:00+08:00,sticker,,
demo_0045,demo_project@chatroom,虚构项目讨论群,demo_lin,林小满,2026-10-02T11:34:00+08:00,sticker,,
demo_0046,demo_project@chatroom,虚构项目讨论群,demo_lin,林小满,2026-10-02T11:45:00+08:00,sticker,,
demo_0047,demo_project@chatroom,虚构项目讨论群,demo_lin,林小满,2026-10-02T11:56:00+08:00,text,我今天有点沮丧，这个问题一直没解决。,
demo_0048,demo_project@chatroom,虚构项目讨论群,demo_lin,林小满,2026-10-02T12:07:00+08:00,text,资料已经更新，会议安排在周五下午。,
demo_0049,demo_project@chatroom,虚构项目讨论群,demo_lin,林小满,2026-10-02T12:18:00+08:00,text,虽然进度有些慢，不过终于有了突破，很开心。,
demo_0050,demo_project@chatroom,虚构项目讨论群,demo_lin,林小满,2026-10-02T12:29:00+08:00,text,你可真行🙂,
demo_0051,demo_project@chatroom,虚构项目讨论群,demo_lin,林小满,2026-10-02T12:40:00+08:00,text,好呀！,
demo_0052,demo_project@chatroom,虚构项目讨论群,demo_lin,林小满,2026-10-02T12:51:00+08:00,text,收到,
demo_0053,demo_project@chatroom,虚构项目讨论群,demo_lin,林小满,2026-10-02T13:02:00+08:00,voice,,
demo_0054,demo_project@chatroom,虚构项目讨论群,demo_lin,林小满,2026-10-02T13:13:00+08:00,voice,,
demo_0055,demo_project@chatroom,虚构项目讨论群,demo_lin,林小满,2026-10-02T13:24:00+08:00,file,,
demo_0056,demo_project@chatroom,虚构项目讨论群,demo_lin,林小满,2026-10-02T13:35:00+08:00,image,,
demo_0057,demo_project@chatroom,虚构项目讨论群,demo_chen,陈可,2026-10-03T09:00:00+08:00,voice,,
demo_0058,demo_project@chatroom,虚构项目讨论群,demo_chen,陈可,2026-10-03T09:11:00+08:00,voice,,
demo_0059,demo_project@chatroom,虚构项目讨论群,demo_chen,陈可,2026-10-03T09:22:00+08:00,voice,,
demo_0060,demo_project@chatroom,虚构项目讨论群,demo_chen,陈可,2026-10-03T09:33:00+08:00,voice,,
demo_0061,demo_project@chatroom,虚构项目讨论群,demo_chen,陈可,2026-10-03T09:44:00+08:00,voice,,
demo_0062,demo_project@chatroom,虚构项目讨论群,demo_chen,陈可,2026-10-03T09:55:00+08:00,voice,,
demo_0063,demo_project@chatroom,虚构项目讨论群,demo_chen,陈可,2026-10-03T10:06:00+08:00,voice,,
demo_0064,demo_project@chatroom,虚构项目讨论群,demo_chen,陈可,2026-10-03T10:17:00+08:00,voice,,
demo_0065,demo_project@chatroom,虚构项目讨论群,demo_chen,陈可,2026-10-03T10:28:00+08:00,voice,,
demo_0066,demo_project@chatroom,虚构项目讨论群,demo_chen,陈可,2026-10-03T10:39:00+08:00,voice,,
demo_0067,demo_project@chatroom,虚构项目讨论群,demo_chen,陈可,2026-10-03T10:50:00+08:00,voice,,
demo_0068,demo_project@chatroom,虚构项目讨论群,demo_chen,陈可,2026-10-03T11:01:00+08:00,voice,,
demo_0069,demo_project@chatroom,虚构项目讨论群,demo_chen,陈可,2026-10-03T11:12:00+08:00,voice,,
demo_0070,demo_project@chatroom,虚构项目讨论群,demo_chen,陈可,2026-10-03T11:23:00+08:00,voice,,
demo_0071,demo_project@chatroom,虚构项目讨论群,demo_chen,陈可,2026-10-03T11:34:00+08:00,voice,,
demo_0072,demo_project@chatroom,虚构项目讨论群,demo_chen,陈可,2026-10-03T11:45:00+08:00,text,我今天有点沮丧，这个问题一直没解决。,
demo_0073,demo_project@chatroom,虚构项目讨论群,demo_chen,陈可,2026-10-03T11:56:00+08:00,text,资料已经更新，会议安排在周五下午。,
demo_0074,demo_project@chatroom,虚构项目讨论群,demo_chen,陈可,2026-10-03T12:07:00+08:00,text,虽然进度有些慢，不过终于有了突破，很开心。,
demo_0075,demo_project@chatroom,虚构项目讨论群,demo_chen,陈可,2026-10-03T12:18:00+08:00,text,你可真行🙂,
demo_0076,demo_project@chatroom,虚构项目讨论群,demo_chen,陈可,2026-10-03T12:29:00+08:00,text,好呀！,
demo_0077,demo_project@chatroom,虚构项目讨论群,demo_chen,陈可,2026-10-03T12:40:00+08:00,text,收到,
demo_0078,demo_project@chatroom,虚构项目讨论群,demo_chen,陈可,2026-10-03T12:51:00+08:00,text,😄 谢谢,
demo_0079,demo_project@chatroom,虚构项目讨论群,demo_chen,陈可,2026-10-03T13:02:00+08:00,text,太好了，这个方案我很喜欢，谢谢你！,
demo_0080,demo_project@chatroom,虚构项目讨论群,demo_chen,陈可,2026-10-03T13:13:00+08:00,file,,
demo_0081,demo_project@chatroom,虚构项目讨论群,demo_chen,陈可,2026-10-03T13:24:00+08:00,file,,
demo_0082,demo_project@chatroom,虚构项目讨论群,demo_chen,陈可,2026-10-03T13:35:00+08:00,sticker,,
demo_0083,demo_project@chatroom,虚构项目讨论群,demo_chen,陈可,2026-10-03T13:46:00+08:00,image,,
demo_0084,demo_project@chatroom,虚构项目讨论群,demo_chen_other,陈可,2026-10-04T09:00:00+08:00,file,,
demo_0085,demo_project@chatroom,虚构项目讨论群,demo_chen_other,陈可,2026-10-04T09:11:00+08:00,file,,
demo_0086,demo_project@chatroom,虚构项目讨论群,demo_chen_other,陈可,2026-10-04T09:22:00+08:00,file,,
demo_0087,demo_project@chatroom,虚构项目讨论群,demo_chen_other,陈可,2026-10-04T09:33:00+08:00,file,,
demo_0088,demo_project@chatroom,虚构项目讨论群,demo_chen_other,陈可,2026-10-04T09:44:00+08:00,file,,
demo_0089,demo_project@chatroom,虚构项目讨论群,demo_chen_other,陈可,2026-10-04T09:55:00+08:00,file,,
demo_0090,demo_project@chatroom,虚构项目讨论群,demo_chen_other,陈可,2026-10-04T10:06:00+08:00,file,,
demo_0091,demo_project@chatroom,虚构项目讨论群,demo_chen_other,陈可,2026-10-04T10:17:00+08:00,file,,
demo_0092,demo_project@chatroom,虚构项目讨论群,demo_chen_other,陈可,2026-10-04T10:28:00+08:00,file,,
demo_0093,demo_project@chatroom,虚构项目讨论群,demo_chen_other,陈可,2026-10-04T10:39:00+08:00,file,,
demo_0094,demo_project@chatroom,虚构项目讨论群,demo_chen_other,陈可,2026-10-04T10:50:00+08:00,file,,
demo_0095,demo_project@chatroom,虚构项目讨论群,demo_chen_other,陈可,2026-10-04T11:01:00+08:00,file,,
demo_0096,demo_project@chatroom,虚构项目讨论群,demo_chen_other,陈可,2026-10-04T11:12:00+08:00,file,,
demo_0097,demo_project@chatroom,虚构项目讨论群,demo_chen_other,陈可,2026-10-04T11:23:00+08:00,text,太好了，这个方案我很喜欢，谢谢你！,
demo_0098,demo_project@chatroom,虚构项目讨论群,demo_chen_other,陈可,2026-10-04T11:34:00+08:00,text,我今天有点沮丧，这个问题一直没解决。,
demo_0099,demo_project@chatroom,虚构项目讨论群,demo_chen_other,陈可,2026-10-04T11:45:00+08:00,text,资料已经更新，会议安排在周五下午。,
demo_0100,demo_project@chatroom,虚构项目讨论群,demo_chen_other,陈可,2026-10-04T11:56:00+08:00,text,虽然进度有些慢，不过终于有了突破，很开心。,
demo_0101,demo_project@chatroom,虚构项目讨论群,demo_chen_other,陈可,2026-10-04T12:07:00+08:00,text,你可真行🙂,
demo_0102,demo_project@chatroom,虚构项目讨论群,demo_chen_other,陈可,2026-10-04T12:18:00+08:00,text,好呀！,
demo_0103,demo_project@chatroom,虚构项目讨论群,demo_chen_other,陈可,2026-10-04T12:29:00+08:00,text,收到,
demo_0104,demo_project@chatroom,虚构项目讨论群,demo_chen_other,陈可,2026-10-04T12:40:00+08:00,voice,,
demo_0105,demo_project@chatroom,虚构项目讨论群,demo_chen_other,陈可,2026-10-04T12:51:00+08:00,sticker,,
demo_0106,demo_project@chatroom,虚构项目讨论群,demo_chen_other,陈可,2026-10-04T13:02:00+08:00,video,,
demo_0107,demo_project@chatroom,虚构项目讨论群,demo_chen_other,陈可,2026-10-04T13:13:00+08:00,other,,
demo_system,demo_project@chatroom,虚构项目讨论群,__system__,系统,2026-10-01T09:00:00+08:00,other,,True
